<?xml version="1.0" encoding="UTF-8"?>
<project-private xmlns="http://www.netbeans.org/ns/project-private/1">
    <editor-bookmarks xmlns="http://www.netbeans.org/ns/editor-bookmarks/2" lastBookmarkId="0"/>
    <open-files xmlns="http://www.netbeans.org/ns/projectui-open-files/2">
        <group>
            <file>file:/C:/Users/PC/Desktop/PreFinalOpenSource/src/java/com/web/Controller/UserController.java</file>
            <file>file:/C:/Users/PC/Desktop/PreFinalOpenSource/src/java/com/web/DAO/SkillDAOImplements.java</file>
            <file>file:/C:/Users/PC/Desktop/PreFinalOpenSource/web/AddUser.xhtml</file>
            <file>file:/C:/Users/PC/Desktop/PreFinalOpenSource/src/java/com/web/DAO/UsuarioDAOImplements.java</file>
            <file>file:/C:/Users/PC/Desktop/PreFinalOpenSource/web/ListUsers.xhtml</file>
        </group>
    </open-files>
</project-private>
